Cell culture,Materials,Virus,Observations,URL,Name,Author
Chicken Embryo Fibroblast (CEF) and Duck Embryo Fibroblast (DEF),"Duck embryo fibroblasts (DEF), chicken embryo fibroblasts (CEF), and Madin-Darby canine kidney (MDCK) cells were cultured in Dulbecco's modified Eagle's medium (HyClone, Logan, UT, USA) supplemented with 10% fetal bovine serum (PAN-Biotech, Aidenbach, Germany) and 100 U ml−1 penicillin-streptomycin (Thermo Fisher Scientific, Waltham, MA, USA). Lung carcinoma cells (A549) and human embryonic kidney cells (293T) were cultured in F12 medium (HyClone) and RPMI 1640 medium (HyClone), respectively.",The H5N6 IAV strains A/duck/Hubei/WH18/2015 (JX) and A/chicken/Hubei/XG18/2015 (XGD),,DOI: 10.3389/fvets.2021.808234,139D in NS1 Contributes to the Virulence of H5N6 Influenza Virus in Mice,"Kun Huang 1 2 3, Haiying Mao 1 2 3, Peilei Ren 1 2 3, Yufei Zhang 1 2 3, Xiaomei Sun 1 2 3, Zhong Zou 1 2 3, Meilin Jin 1 2 3"
Chicken embryo Fibroblast (CEF),CEFs were isolated from 10-day-old embryonated chicken eggs by trypsin digestion.," H9N2 virus A/chicken/Shandong/lx1023/2007 (lx1023) (the HA sequence has GenBank accession number FJ190142) was isolated from diseased chickens in Shandong, China, in October 2007, and preserved in our laboratory (Gao et al., 2019; Pu et al., 2017). H5N1 virus A/chicken/China/0603/2008 (CN0603) and pandemic H1N1/2009 influenza virus A/Beijing/7/2009 (BJ09) were previously isolated and kept in our laboratory (Sun et al., 2016; Zhao et al., 2011).",,https://doi.org/10.1016/j.vetmic.2020.108669,A D200N hemagglutinin substitution contributes to antigenic changes and increased replication of avian H9N2 influenza virus,"Jingwei Song, Chenxi Wang, Weihua Gao, Haoran Sun, Zhimin Jiang, Kaijing Wang, Xiaolei Ren, Zejiang Wang, Qi Tong, Mingyang Wang, Honglei Sun, Yipeng Sun, Jinhua Liu, Juan Pu"
Chicken embryo Fibroblast (CEF),"Chicken embryo fibroblasts (CEFs) were prepared from 9- to 11-day-old specific pathogen-free (SPF) chicken embryonated eggs (MERIAL, Beijing, China), as previously described (Qiu et al., 2011).","AIV strain H9N2 (A/Chicken/Shanghai/010/2008) was isolated from ducks in Shanghai in 2008 (Cheng et al., 2015a)",,DOI: 10.3389/fmicb.2022.874331,A Role for the Chicken Interferon-Stimulated Gene CMPK2 in the Host Response Against Virus Infection,"Xin Li 1 2, Yiyi Feng 1 3, Weiwei Liu 1, Lei Tan 1 4, Yingjie Sun 1, Cuiping Song 1, Ying Liao 1, Chenggang Xu 2, Tao Ren 2, Chan Ding 1 4 5, Xusheng Qiu 1 4"
Chicken embryo Fibroblast (CEF),Chick embryo fibroblasts (CEF) were prepared from 8 to 10 day-old chick embryos and maintained in DMEM containing 10% FBS and pen/strep,"LPAI isolates A/Duck/Malaysia/F118/2004 (H5N2/F118), A/Duck/Malaysia/F189/2004 (H5N2/F189), A/Duck/Malaysia/F59/2004, A/Duck/Singapore-Q/F119/1997 (H5N3) and A/Duck/Malaysia/02/2001 (H9N2) ","Includes different techniques, read again for more information.", doi: 10.1371/journal.pone.0033732,Activation of Type I and III Interferon Signalling Pathways Occurs in Lung Epithelial Cells Infected with Low Pathogenic Avian Influenza Viruses,"Richard Sutejo 1, Dawn S Yeo, Myint Zu Myaing, Chen Hui, Jiajia Xia, Debbie Ko, Peter C F Cheung, Boon-Huan Tan, Richard J Sugrue"
"Chicken Embryo Cell (CEC), Quail Embryo (QE), Explant culture of quail brain cells","Primary chicken embryo (CE) cells and primary quail embryo (QE) cells were prepared from ll-day-old chicken embryos or 9-day-old quail embryos, respectively. Cells were subeultured in Dulbecco's reinforced minimum essential medium (MEM) supplemented with 5 per cent fetal calf serum in a CO~ incubator for 1 to 2 days at 37 ° C. Primary explant culture of quail brain cells was made from 10-day-old quail embryos
by squeezing the brain tissue through a syringe fitted with a 21 gauge needle, and subcultured with MEM for 3 to 4, days. ","Influenza virus A/turkey/Ontario/7732/66 (H 5 N 9, A/turkey) ",,DOI: 10.1007/BF01313895,Aggravation of pathogenicity of an avian influenza virus by adaptation to quails,"M Tashiro, M Reinacher, R Rott"
Chicken embryo cells (CEC) and Chicken Embryo Kidney (CEK),"Viruses were propagated by passage in specific-pathogen-free (SPF) 10-day-old embryonating chicken eggs. These virus stocks were aliquoted and stored at −70°C. Primary chicken embryo cells (CEC) were prepared from 9- to 10-day-old embryos, and chicken embryo kidney (CEK) cells were prepared from 18-day-old embryos. Both were obtained as cell suspensions from SPF eggs (Charles River SPAFAS, Inc., North Franklin, CT).","TK/OR/71-SEPRL (H7N3) encodes a full-length NS1 gene (51), whereas TK/OR/71-delNS1 (H7N3) (kindly provided by Peter Palese, Mount Sinai School of Medicine, NY) encodes a truncated NS1 protein (37).",, doi: 10.1128/JVI.01667-06,Amelioration of Influenza Virus Pathogenesis in Chickens Attributed to the Enhanced Interferon-Inducing Capacity of a Virus with a Truncated NS1 Gene▿,"Angela N. Cauthen,1,† David E. Swayne,1 Margaret J. Sekellick,2 Philip I. Marcus,2 and David L. Suarez1,*"
Chicken Embryo Fibroblast (CEF),"Chicken embryo cells (CEF) were prepared from 12 day embryos by standard methods (Dulbecco, 1952). Madin-Darby Canine Kidney (MDCK) cells were obtained from American Type Culture Collection (Rockville, Maryland 20852, USA), and used in these experiments between passages 15 and 25. Plaque assays were performed as previously described (Klenk et al., 1975), except that trypsin was used at a con- centration of 0.5 g/ml for CEF monolayers and 1 ag/ml for MDCK, and 0.5% agarose was used instead of agar.",wild type influenza A/Turkey/Ontario/7732/ 66 (H5N9). ,,DOI: 10.7589/0090-3558-25.4.507,Antigenic and phenotypic variants of a virulent avian influenza virus selected during replication in ducks,"M S Philpott 1, B C Easterday, V S Hinshaw"
Chicken embryo fibroblast (CEF),"CEFs from five commercial pedigree chicken lines designated 8 (embryo 8.1), A (embryos A1 and A2), B (embryo B1), C (embryo C1), and D (embryo D1) were prepared from day 10 embryos","A/PR/8/34 (Cambridge) (2 × 108 PFU/ml), A/WSN/33 (4 × 107 PFU/ml), A/Duck/England/62 (H4N6) (2 × 108 PFU/ml), and A/Duck/Singapore/97 (H5N3) (3 × 107 PFU/ml) strains, which were kindly provided by Paul Digard (Cambridge) and Wendy Barclay (Imperial College London).",,DOI: 10.1128/JVI.00185-08,Asparagine 631 variants of the chicken Mx protein do not inhibit influenza virus replication in primary chicken embryo fibroblasts or in vitro surrogate assays,"Camilla T O Benfield 1, Jon W Lyall, Georg Kochs, Laurence S Tiley"
Chicken embryo Fibroblast (CEF),Trypsin-free chicken embryo fibroblast (CEF), A/chicken/Texas/298313/04 (H5N2) and A/chicken/NJ/150383/02 (H7N2),,DOI: 10.1637/7572-033106R.1,Assessing potential pathogenicity of avian influenza virus: current and experimental system,"C W Lee 1, Y J Lee, D Swayne, D Senne, D J Linares, D Suarez"
Chicken embryo Fibroblast (CEF),,A/WSN/33 (H1N1) and avian influenza viruses A/Turkey/Wisconsin/68 (H5N9) and A/Turkey/Massachusetts/65 (H6N2),It was just infection,DOI: 10.1016/0042-6822(91)90088-s,Avian cells expressing the murine Mx1 protein are resistant to influenza virus infection,"E A Garber 1, H T Chute, J H Condra, L Gotlib, R J Colonno, R G Smith"
Tracheal organ culture (TOC),18 do chicken embryos,"H9N2, isolate A/Chicken/United Arab Emirates/99","They use the tracheal rings, it's easier compared to TEC.",https://www.sciencedirect.com/science/article/pii/S0165242709001615?via%3Dihub,Cellular host transcriptional responses to influenza A virus in chicken tracheal organ cultures differ from responses in in vivo infected trachea,"Sylvia S. Reemers a, Marian J. Groot Koerkamp b, Frank C. Holstege b, Willem van Eden a, Lonneke Vervelde a"
chick embryo lung primary cell culture (CeLu) ,"Primary chicken embryo lung cells (CeLu) were prepared from 19-20 day old-embryos of SPF eggs. Cells were seeded at a density of 106cells/ml in Dulbecco's Modified Eagle Medium (DMEM; GIBCO), supplemented with 10% fetal bovine serum (FBS; GIBCO), 100 units/ml penicillin (GIBCO), and 100 mg/ml streptomycin (GIBCO). MDCK (Madin Darby Canine Kidney) cells were also grown as monolayers in Minimum Essential Media (MEM; GIBCO), supplemented with 10% fetal bovine serum (FBS; GIBCO), and the same concentration of antibiotics as above. Confluent monolayer cells were infected with the isolate A/chicken/Malaysia/5744/2004 H5N1 at a multiplicity of infection of 5. Infected cells showing 5-10% cytopathic effect (within 32 hours) were harvested control and infected monolayer cells were washed twice with PBS pH 7.2, scraped into a 15 ml conical tube and centrifuged at 1,500rpm for 15 mins. The cell pellets were stored at -80°C or used immediately for total mRNA extractions.",A/chicken/Malaysia/5744/2004 H5N1 ,,doi: 10.1186/1743-422X-8-196,Cellular transcripts regulated during infections with Highly Pathogenic H5N1 Avian Influenza virus in 3 host systems,"Vinod RMT Balasubramaniam,1 Sharifah S Hassan,corresponding author1 Abdul R Omar,2 Maizan Mohamed,3 Suriani M Noor,3 Ramlan Mohamed,3 and Iekhsan Othman1"
Chicken embryo Fibroblast (CEF),"Confluent chicken embryo fibroblast (CEF) cells in six-well tissue culture plates were inoculated with 10-fold serially diluted viruses that were adsorbed to cells for 1 h, with shaking every 15 min. The inoculum was removed and cells were overlaid with 1.8% w/v agar mixed 1:1 with 2×MEM containing antibiotics, with or without 1μg/ml TPCK-trypsin (PIERCE). Plates were inverted and incubated for 2–3 days. The wells were then overlaid with 1.8% w/v agar mixed 1:1 with 2×MEM containing 0.05 mg/ml neutral red, and the plates were incubated for 2 days to visualize plaques.","H1/AA ca and H5/AA ca were produced by reverse genetics. They contain the hemagglutinin (HA) and neuraminidase (NA) genes of A/New Caledonia/20/99 (H1N1) and A/Anhui/01/2005(H5N1), respectively, and the remaining six internal gene segments were from the cold-adapted influenza H2N2 A/Ann Arbor/6/60 virus (AA virus). ",,DOI: 10.1016/j.bbrc.2010.05.035,Characterization of a highly pathogenic avian influenza H5N1 virus isolated from an ostrich,"Penghui Yang 1, Dongmei, Cheng Wang, Chong Tang, Li Xing, Deyan Luo, Zhongpeng Zhan, Yueqiang Duan, Weihong Jia, Daxin Peng, Xiufan Liu, Xiliang Wang"
Chick Embryo Brain Cultures, 8- and 9-d embryo,"Influenza A, B, and C ",There is a good protocol here https://www.ncbi.nlm.nih.gov/pmc/articles/PMC7438172/,https://www.jstor.org/stable/4294618,"Chick Embryo Brain Cultures Enriched for Neurons or Astroglial Cells Support the Replication of Influenza A, B, and C Viruses","M. S. Parker, R. J. O'Callaghan, H. A. Spence"
Chicken embryo fibroblast (CEF),No specification,"A virus strain A/Chicken/Liaoning/1/00 (H9N2) was propagated in 9-day-old embryonic eggs, A/WSN/33 (H1N1) was rescued from cDNA [49] and titrated on MDCK cells with plaque assay.",,doi: 10.1186/1743-422X-7-372,Chicken cyclophilin A is an inhibitory factor to influenza virus replication,"Chongfeng Xu,1 Shanshan Meng,1 Xiaoling Liu,2 Lei Sun,2 and Wenjun Liucorresponding author2,3"
Avian lung primary cells (CELu),"Avian lung primary cells were isolated as described previously with minor modifications [40]. Briefly, lungs from four-week-old specific pathogen-free (SPF) white leghorn chickens, six-week-old SPF Beltsville White turkeys and eight-week-old commercial Pekin ducks were aseptically collected and trypsinized before culturing in 12-well tissue culture plate coated with 0.01% (w/v) calf skin collagen (Sigma Chemical Co., St. Louis, Mo.). Cells were cultured at 1×106 lung cells per ml of Dulbecco's modified Eagle's medium (DMEM) supplemented with 1% L-glutamine, 1% sodium pyruvate, 1% MEM nonessential amino acids, 1% antibiotic-antimycotic solution (Sigma), and 10% chicken serum in a humidified incubator at 37°C. All animals used in these studies were housed and handled in compliance with our Institutional Animal Care and Use Committee guidelines and procedures.",The low pathogenic AI viruses H1N1 A/turkey/Virginia/SEP-4/2009 (H1N1) and H5N9 A/turkey/Wisconsin/68 (H5N9) ,,DOI: 10.1186/1743-422X-8-447,Chicken interferon alpha pretreatment reduces virus replication of pandemic H1N1 and H5N9 avian influenza viruses in lung cell cultures from different avian species,"Haijun Jiang 1, Hanchun Yang, Darrell R Kapczynski"
Chicken embryo Fibroblast (CEF),"Primary  chick  embryo  fibroblast(CEF) cell cultures were prepared according to a standardprocedure and maintained in growth medium, containing45%  MEM  (minimal  Eagle’s  medium),  45%  Hank’ssolution,   5%   LAH   (lactoalbumin   hydrolysate)   andsupplemented  with  5%  calf  serum  and  antibiotics  (100IU/mL benzylpenicillin and 100mg/mL streptomycin).","Avian  influenza  virus  A/chicken/Germany/27,strain Weybridge (H7N7) (A/Weybridge)",,DOI: 10.1002/1099-1573(200011)14:7<571::aid-ptr653>3.0.co;2-a,Combined antiinfluenza virus activity of Flos verbasci infusion and amantadine derivatives,J Serkedjieva 1
Chicken Embryo Fibroblasts (CEF),"CEF cells were derived from 9-day old embryonated chicken eggs and were grown using Minimum Essential Medium (MEM) (Coring®, USA) with 8% fetal bovine serum (FBS) and antibiotics (Streptopenicillin, Fungizone, Gentamicin). DF-1 cells were maintained in MEM with 10% FBS and three antibiotics (mentioned above). Both CEF and DF-1 cells were cultured at 37o C in humidified CO2 incubator (5% CO2 ). The media, MEM with 2% FBS and antibiotics, was used to maintain both CEF and DF-1 cells growth (in every media used in this study, 455 IU of Penicillin, 455 µg of Streptomycin, 1.5 µg of Fungizone and 10 µg of Gentamicin per mL of both maintenance and growth medium were used).",AIV (H9N9),,DOI: 10.24425/pjvs.2021.137664,"Comparative growth kinetic study of Newcastle disease virus, infectious bursal disease virus and avian influenza virus in chicken embryo fibroblast and DF-1 cell lines","S Anam 1, S U Rahman 1, S Ali 1, M Saeed 2, S M Goyal 3"
Chicken embryo fibroblast (CEF) ,"Primary CEFs, prepared by trypsin/EDTA dissociation of 10-day-old chicken embryos56–58, were provided by the Institute for Animal Health (now The Pirbright Institute) from their Compton Laboratory, Berkshire, UK. They were seeded in T25 flasks (Greiner Bio One; 5.6 × 106 cells/flask) and cultured overnight in 5.5 ml 199 media (Gibco, Invitrogen) supplemented with 8% heat-inactivated newborn bovine serum (NBCS; Gibco, Invitrogen), 10% tryptose phosphate broth (TPB; Sigma), 2% nystatin (Sigma) and 0.1% penicillin and streptomycin (Gibco, Invitrogen). DF-1 were propagated in Dulbecco’s minimal essential medium (DMEM) (Life Technologies) supplemented with 10% heat-inactivated fetal bovine serum (Life Technologies) and penicillin and streptomycin. All cells were incubated at 37 °C and 5% CO2. For sodium butyrate experiments, sodium butyrate (0.5–2.0 mM; Sigma-Aldrich) was added directly to cells in 6-well plates and optimization experiments were carried out for 18 hours in both CEFs and DF-1 cells. Samples for the mock controls were treated with DMEM.","expression vector pcDNA4, that had been modified to encode an N-terminal influenza hemagglutinin (HA) epitope tag",,doi: 10.1038/s41598-017-17730-2,Constitutively elevated levels of SOCS1 suppress innate responses in DF-1 immortalised chicken fibroblast cells,"E. S. Giotis,1 C. S. Ross,2 R. C. Robey,1 A. Nohturfft,2 S. Goodbourn,2 and M. A. Skinnercorresponding author1"
Chicken embryo Fibroblast (CEF),The primary cell culture of CEFs was established by our group,"The influenza virus (subtype H5N1) used in our experiments was A/Pheasant/Shantou/44/2004 (H5N1) isolated on January 5, 2004.",,DOI: 10.1637/7365-041205R2.1,Construction of influenza virus siRNA expression vectors and their inhibitory effects on multiplication of influenza virus,"Yao-Chen Li 1, Ling-hong Kong, Bi-Zhen Cheng, Kang-Sheng Li"
Chicken embryo Fibroblast (CEF),,"MDV GX0101 is a field strain isolated from a layer farm in Guangxi Province of China [29]. Infectious meq-deleted BAC-GX0101 virus(GX0101/Δmeq/Kan−/gpt+) was previously constructed and rescued in our studies [22], [23]. NDV TZ060107 strain (GenBank Accession No. FJ011448) was originally isolated from a poultry farm [30]; AIV-H9N2 LG1 strain was kindly provided by Qilu Animal Health Products co (Shandong, China). ",,doi: 10.1371/journal.pone.0090677,Construction of Recombinant Marek's Disease Virus (rMDV) Co-Expressing AIV-H9N2-NA and NDV-F Genes under Control of MDV's Own Bi-Directional Promoter,"Zhenjie Zhang,# 1 , 2 Chengtai Ma,# 1 , 2 Peng Zhao, 1 , 2 Luntao Duan, 1 , 2 Wenqing Chen, 1 , 2 Fushou Zhang, 1 , 2 and Zhizhong Cui 1 , 2 , *"
Chicken embryo Fibroblast (CEF),"CEF cells were cultured in DMEM supplemented with 10% FCS, 2 mM glutamine, 10 mM HEPES, and 100 mg/mL streptomycin or 100 IU/mL penicillin. All cells were incubated at 37°C with 5% CO2.","The H13N6 virus A/mallard/Dalian/DZ-137/2013 (abbreviated as DZ137) was isolated from a mallard in Liaoning Province, China. The H13N8 virus A/Eurasian Curlew/Liaoning/ZH-385/2014 (ZH385) was isolated from a Eurasian Curlew in Liaoning Province, China. The H1N1 influenza virus A/Hebei/F076/2018 (F076) was isolated from Hebei Province, China [37]. The H10N4 AIV A/duck/Inner Mongolia/S201/2016(abbreviated as S201) was isolated from a duck in Inner Mongolia, China, in 2016. We propagated these isolated viruses in 10-day-old embryonated chicken eggs, after which the allantoic fluids were collected and stored at −80°C until use.",,doi: 10.1080/22221751.2023.2184177,Cross-species infection potential of avian influenza H13 viruses isolated from wild aquatic birds to poultry and mammals,"Weiyang Sun,a,* Menglin Zhao,a,* Zhijun Yu,b,* Yuanguo Li,a Xinghai Zhang,a Na Feng,a Tiecheng Wang,a Hongmei Wang,c Hongbin He,c Yongkun Zhao,a Songtao Yang,a Xianzhu Xia,a,d and Yuwei Gaoa,d"
Turkey embryonic fibroblast (TEF),"Turkey embryonic fibroblast cells (primary cell cultures) were extracted from 10.5-day-old turkey embryos provided by Henry Stewart & Co. Ltd, UK. The eggshells were opened and the embryos were pulled out with a sterile curved forceps and tweezers. The embryos were placed in a Petri dish and rinsed with phosphate buffer saline (PBS). The limbs, heads, and internal organs were removed, and the bodies were moved to new Petri dishes containing PBS. The embryos were digested in 0.25% trypsin in dissociation medium composed of: F12 Hams + 1% penstrep + 1.5% fungizone, and incubated at 37◦ C for about 1 hour. Large undigested pieces were removed using a cell strainer. The remaining tissue suspensions were centrifuged at 400 x g for 5 minutes. Cells were then seeded into cell culture flasks and maintained in Dulbecco’s modified Eagle’s medium (DMEM) containing 10% foetal calf serum, and supplemented with 1% antibiotics (100 U/mL penicillin and 100 μg/mL streptomycin).",A stock of low pathogenic avian influenza H2N3 viruses (A/mallard duck/England/7277/06),,DOI:10.33762/BVETR.2017.143545,CULTIVATION OF INFLUENZA A VIRUS IN PRIMARY CELL CULTURE OF TURKEY EMBRYONIC FIBROBLASTS,Firas Taha Mansour Al-Mubarak
Chicken embryo Fibroblast (CEF),Chicken fibroblast (CEF) cultures were prepared from 11-dayold embryonated eggs and grown in Eagle minimal medium containing 10% heat-inactivated fetal calf serum and 10% tryptose phosphate broth.,"A/WSN/33 (HON1), A/USSR/90/77 (H1N1), A/PC/1/73 (H3N2), and A/Vic/3/75 (H3N2)",,DOI: 10.1128/JVI.36.3.847-859.1980,Defective interfering influenza viruses and host cells: establishment and maintenance of persistent influenza virus infection in MDBK and HeLa cells,"B K De, D P Nayak"
Chicken embryo Fibroblast (CEF),"Chicken embryo fibroblasts (CEF) were prepared from 10-day-old chicken embryos of specific-pathogen-free (SPF) eggs and were cultured at 37 °C and 5% CO2 in Dulbecco's modified Eagle's medium (DMEM) (Gibco (Invitrogen), Carlsbad, CA) supplemented with fetal calf serum (FBS) and antibiotics. ","Two highly pathogenic avian influenza H5N1 viruses, A/CK/Hong Kong/220/97 (CK/HK/97) and A/Egret/Hong Kong/757.2/02 (Egret/HK/02)",,DOI: 10.1016/j.vetimm.2008.05.021,Differential host gene expression in cells infected with highly pathogenic H5N1 avian influenza viruses,"Luciana Sarmento 1, Claudio L Afonso, Carlos Estevez, Jamie Wasilenko, Mary Pantin-Jackwood"
Chicken embryo fibroblasts (CEF),"Primary CEFs were isolated from ED 9–11 eggs following a standard protocol. Briefly, SPF eggs at ED 9–11 were candled to isolate embryos. The embryos without the head, viscera, and limbs were minced and washed with sterile phosphate-buffered saline (PBS) to remove residual blood. The minced tissue was trypsinized using TrypLE™ Express Enzyme (1 × ) (Gibco; Life Technologies) for 5 min at 37°C. The cells were sent through 70 μm cell strainer (Sigma, Saint Louis, MO) into a centrifuge flasks containing 5% FBS. The trypsinization was repeated three to four times until adequate cells were obtained. The collected cells were centrifuged for 10 min at 350 g. The supernatant was discarded and the pellet was suspended in 100 mL of DMEM supplemented with 10% FBS, penicillin (100 U/mL), and streptomycin (100 μg/mL).",H4N6 LPAIV (A/Duck/Czech/56) ,,https://doi.org/10.1089/vim.2017.0142,Double-Stranded Ribonucleic Acid-Mediated Antiviral Response Against Low Pathogenic Avian Influenza Virus Infection,"Hanaa Ahmed-Hassan 1 2, Mohamed Sarjoon Abdul-Cader 1, Maha Ahmed Sabry 2, Eman Hamza 2, Shayan Sharif 3, Eva Nagy 3, Mohamed Faizal Abdul-Careem 1"
Primary chicken oviduct epithelial cells (COECs) ,"Primary COECs were isolated as described previously (Ebers et al., 2009), with slight modifications. The oviduct tissues of 10-week-old layer hens (single comb, white leghorn) were obtained from the poultry farm of Northwest A&F University. The isthmal portion of the oviduct was removed, flushed thoroughly with HBSS (Sigma-Aldrich) containing 200 U penicillin ml−1 (Sigma-Aldrich) and 200 mg streptomycin ml−1 (Sigma-Aldrich). The epithelial cells were gently scraped off the tissue and treated with 20 ml HBSS containing 1 mg collagenase ml−1 (Sigma-Aldrich) for 30 min at 37 °C. After collagenase treatment, the supernatant was discarded and digestion of tissue fragments was done using 0.25 % trypsin and 3 mM EDTA in 20 ml HBSS for 10 min at 37 °C. The cell suspension was made to 10 % in heat-inactivated FBS (Thermo Fisher Scientific) to stop the activity of trypsin. The cell suspension was then passed through a cell filter (100 µM) in order to remove any undigested tissue. The epithelial cells were centrifuged as 50 g for 5 min to separate epithelial cells from erythrocytes, platelets and other immune cells. The supernatant was discarded after centrifugation and the pellet containing epithelial cells was re-suspended in minimal essential medium (MEM, Thermo Fisher Scientific) supplemented with 10 % FBS and 2 % heat-inactivated chicken serum (HICS; Gibco, Thermo Fisher Scientific), along with insulin (0.12 U ml−1, Sigma-Aldrich) and oestradiol (50 nM, Sigma-Aldrich). The COECs were incubated in a tissue culture flask for 2 h at 39 °C in 5 % CO2 to allow fibroblast attachment. Following incubation, the unattached epithelial cells were collected by gentle pipetting followed by centrifugation at 125 g for 10 min. The pelleted epithelial cells were re-suspended in whole medium and allowed to grow until a monolayer was formed. After four passages, the cells were seeded onto 24-well cell culture plates (2×105 cells per well), and grown at 39 °C under 5 % CO2 for 24–36 h. The identification of COECs was confirmed by determining the expression of cytokeratin as previously described (Ebers et al., 2009).",A/Chicken/shaanxi/01/2011 H9N2 AIV ,,https://doi.org/10.1099/jgv.0.000986,Down-regulation of cellular protein heme oxygenase-1 inhibits proliferation of avian influenza virus H9N2 in chicken oviduct epithelial cells,"Xuefeng Qi1​,†, Huizhu Zhang1​,†, Tianxia Xue1​, Bo Yang1​, Meiyu Deng1​, Jingyu Wang1​,2​"
Chicken embryo Fibroblast (CEF),Influenza virus was added to 10 1-day-old primary chicken embryp fibroblasts (CEF) cell monolayers (1 x 10' cells per 90-mm dish) at a multiplicity of infection of 0.005 PFU per cell and grown at 37 C for 3 h with 10 ml of overlay medium.,"Influenza A, strain WSN, was a gift from R. Simpson, Rutgers. Mouse L cells, strain M, were kindly provided by R. Kuchler of Rutgers (2) and were maintained in monolayer culture using Eagle medium containing 10% (vol/vol) calf serum.",,DOI: 10.1128/JVI.14.5.1169-1178.1974,Effect of interferon upon the primary and secondary transcription of vesicular stomatitis and influenza viruses,"P Repik, A Flamand, D H Bishop"
Chicken embryo Fibroblast (CEF),Chicken embryo fibroblasts (CEF) have been previously described (20).,The WS and PR8 strains and the neurotropic WSN variant of HlNl type A influenza virus,,DOI: 10.1128/JVI.63.4.1704-1714.1989,"Effects of cell differentiation on replication of A/WS/33, WSN, and A/PR/8/34 influenza viruses in mouse brain cell cultures: biological and immunological characterization of products","G L Bradshaw 1, R W Schlesinger, C D Schwartz"
Chicken Embryo Fibroblast (CEF) and Duck Embryo Fibroblast (DEF),Primary chicken embryo fibroblasts (CEFs) and duck embryo fibroblasts (DEFs) (2.5 × 105 cells/well) were cultured in a 6-well tissue culture plate,"The HPAIV A/duck/Yokohama/aq10/2003 (H5N1) (DkYK10), A/chicken/Yamaguchi/7/2004 (H5N1) (CkYM7) (clade 2.5) (24), A/chicken/Miyazaki/K11/2007 (H5N1) (CkMZ11) (clade 2.2), and A/whooper swan/Akita/1/2008 (H5N1) (WsAK1) (clade 2.3.2) ",,doi: 10.1128/JVI.00605-11,Emergence of Avian Influenza Viruses with Enhanced Transcription Activity by a Single Amino Acid Substitution in the Nucleoprotein during Replication in Chicken Brains ▿,"Tatsuya Tada,1,4 Koutaro Suzuki,1,4 Yu Sakurai,1 Masanori Kubo,2 Hironao Okada,3,4 Toshihiro Itoh,3,4 and Kenji Tsukamoto1,4,*"
Chickem Embryo Liver (CELi),"Chicken embryo liver (CEL) cells. Primary CEL cell cultures were prepared in 25-cm2 tissue culture flasks (Corning) from 15-day-old SPF chicken embryos. Cells were grown in Eagle minimum essential medium (EMEM) containing 10% fetal bovine serum (FBS), 2 mM glutamine, and 0.17% sodium bicarbonate and gentamicin (50 ,Lg/ml) at 37 C by the method for preparing CEL cell cultures ",H5 and H7 subtypes,,https://doi.org/10.2307/1592884,Enhanced Recovery of Avian Influenza Virus Isolates by a Combination of Chicken Embryo Inoculation Methods,"P. R. Woolcock, M. D. McFarland, S. Lai, R. P. Chin"
Chicken embryo Fibroblast (CEF),Primary cultures of chicken embryo fibroblasts (CEF) were prepared from specific-pathogen-free (SPF) chicken embryos (10 days old) as described previously [18].,A/canine/Jiangsu/06/2011(H3N2) identified from pet dogs in the Jiangsu province of China [12],,doi: 10.1186/s13567-016-0337-x,"Enhanced replication of avian-origin H3N2 canine influenza virus in eggs, cell cultures and mice by a two-amino acid insertion in neuraminidase stalk","Yan Lin, Xing Xie, Yanbing Zhao, Dildar Hussain Kalhoro, Chengping Lu, and Yongjie Liucorresponding author"
"Chicken Embryo Fibroblast (CEF), Chicken Embryo Kidney (CEK)",Dulbecco’s modified eagle media (DMEM) supplemented with 5% fetal bovine serum (FBS) and antibiotic/ antimycotic solution at a concentration of 13.,"A/Duck/NewYork/15024-21/96 H1N1, A/HerringGull/Delaware/677/88 H2N8, A/Duck/NewYork/6874/78 H3N2, A/Mallard/Ohio/338/86 H4N8, A/CanadaGoose/Wisconsin/802/75 H5N2, A/Duck/Pennsylvania/69 H6N1, A/Goose/NewYork/8600-3/98 H7N2, A/Duck/Lousiana/B174/86 H8N4,A/RuddyTurnstone/NewJersey/650658/02 H9N9, A/GreenWingTeal/272W/87 H10N2, A/RuddyTurnstone/NewJersey/650678/02 H11N4, A/Duck/Louisana/188D/87 H12N5, A/Gull/Maryland/1824/78 H13N9, A/Mallard/Gurjev(Russia)/263/82 H14N5, A/Shearwater/WesternAustralia/2576/79 H15N6, A/Black-HeadedGull/Mongolia/1756/06 H16N3.",They use less FBS.,https://pubmed.ncbi.nlm.nih.gov/20521704/,Evaluation and attempted optimization of avian embryos and cell culture methods for efficient isolation and propagation of low pathogenicity avian influenza viruses,"Kira A Moresco 1, David E Stallknecht, David E Swayne"
Chicken Embryo Kidney (CEK),"CEK cell suspensions were prepared from 18-day embryos by overnight trypsinization at 4°C ~. In the preparation of Petri dish cultures for assays and pilot growth studies, an initial dilution of 1:200 of packed cells in a growth medium (GM) consisting of Eagle's Minimal Essential Medium (MEM) containing 10% fetal calf serum (FCS) was used. The same dilution was used in the preparation of roller cultures (surface area 7500 cm=), while for the preparation of microcarriers the dilution was I:I00.",cold-adapted attenuated influenza vaccine master strain A/Ann Arbor/6/60 (A/AA/6/60-ca),"CK cultures Kidneys were removed from 3-6 week old chickens, weighed and cut into small fragments with fine scissors. The fragments were then forced through a 10 ml syringe into an Erlenmeyer flask and washed twice with ph.osphate buffered saline (PBS) warmed to 37°C. The fragments were then stirred with 100-120 ml 0.5% (w/v) trypsin solution in PBS for 10 min at 37°C. After allowing to settle, the supernatant was decanted and the procedure repeated. Fresh warmed trypsin solution was then added and the suspension again stirred for 10 min. On this occasion, the supernatant was collected into a chilled centrifuge flask containing 20 ml FCS to stop enzyme activity. The procedure was then repeated a further 8-14 times. Packed cells were collected by centrifuging at low speed in a bench centrifuge for 10 min. The supernatant fluids were discarded and the packed cells suspended in GM. The packed cell volume was determined by centrifuging a 10 ml aliquot at 700 rev per min (100g) for 5 min. Similar final dilutions to those described above for CEK were used for CK cultures.",https://doi.org/10.1016/S0264-410X(85)90245-2,Evaluation of chicken kidney and chicken embryo kidney cultures for the large-scale growth of attenuated influenza virus master strain A/Ann/Arbor/6/60-ca,"G A Tannock, D A Bryce, J A Paul"
Chicken embryo Fibroblast (CEF),"Primary chicken embryo fibroblast (CEF) cells were prepared from 10-day-old eggs and maintained in DMEM supplemented with 10% FBS. The cells were seeded (approximately 2 × 106 cells/well) in six-well tissue culture plates the day before infection. Then the cells were infected with either 0.01 or 0.001 multiplicity of infection (MOI) of the virus. After 1 h incubation, the cells were washed and further incubated in media in the absence of FBS with or without the addition of trypsin. Cells were observed daily for the cytopathic effect (CPE). Aliquots of supernatants were harvested at 24 h, 48 h, and 72 h post-infection for virus titration.","CK/AR/30402/99 (H1N1), CK/NY/14862-3/94 (H1N1), TK/MO/24093/99 (H1N2), CK/PA/298101-4/04 (H2N2), Herring Gull/DE/677/88 (H2N8), Gull/MD/19/77 (H2N9), TK/OH/313053/04 (H3N2), CK/NY/11602-12/98 (H3N2), DK/NY/13822/95 (H3N8), Mute swan/MI/06 (H5N1), CK/PA/13609/93 (H5N2), TK/WI/68 (H5N9), CK/CA/431/00 (H6N2), CK/NY/13237-6/98 (H6N8), CK/NJ/15038-7/02 (H7N2), Quail/NJ/25254/95 (H10N7), CK/NJ/14172/94 (H11N2), DK/Memphis/546/74 (H11N9), DK/LA/188b/87 (H12N5)",,DOI: 10.1016/j.jviromet.2008.06.019,Evaluation of chicken-origin (DF-1) and quail-origin (QT-6) fibroblast cell lines for replication of avian influenza viruses,"C-W Lee 1, K Jung, S J Jadhao, D L Suarez"
Chicken embryo Fibroblast (CEF),"CEFs prepared from 10-day-old, specific-pathogen-free embryos.",HPAIV H5N1 virus A/goose/Guangdong/3/96 [35] and A/Goose/HLJ/QFY/2003 [36],,doi: 10.1371/journal.pone.0022549,Expression of HA of HPAI H5N1 Virus at US2 Gene Insertion Site of Turkey Herpesvirus Induced Better Protection than That at US10 Gene Insertion Site,"Hongbo Gao,# 1 Hongyu Cui,# 1 , 2 Xianlan Cui, 3 Xingming Shi, 1 Yan Zhao, 1 Xiaoyan Zhao, 1 Yanming Quan, 1 Shuai Yan, 1 Weiwei Zeng, 1 and Yunfeng Wang 1 , *"
Primary duodenal chick cells (CEI),"18 do SPF chick embryos. Briefly, a chick embryo was dissected and the duodenum was separated and cut into small pieces in PBS prior to being digested with 0.25% trypsin-EDTA for 5 minutes. This procedure was repeated three times. The separated cells were then collected by centrifugation at 500× g for 10 minutes at room temperature (about 25°C). The cells were seeded in 12-well plates at a density of 3.5 × 10^5 cells/mL in MEM-D supplemented with 10% SFB. The cells were incubated in a humidified environment at 37°C with 5% CO2 throughout the experiment. Two hours prior to use, the medium was replaced with fresh MEM-D without antibiotics or serum.","It's a vector!!  hemagglutinin (H5) gene of AIV, A/Ck/Malaysia/5858/04 (H5N1) and green fluorescent protein were cloned into a coexpression vector pIRES (pIREGFP-H5) ",TRANSFECTION,doi: 10.2147/IJN.S39074,Gene expression profiles in primary duodenal chick cells following transfection with avian influenza virus H5 DNA plasmid encapsulated in silver nanoparticles,"Seyed Davoud Jazayeri,1 Aini Ideris,1,2 Kamyar Shameli,3 Hassan Moeini,1 and Abdul Rahman Omar1,2"
Chicken embryo Fibroblast (CEF),"Primary cultures of chicken embryo fibroblasts were prepared by trypsin treatment of 10-dayold chicken embryos by standard procedure, and 0.9 x 107 cells were seeded in 60-mm-type plastic tissue culture dishes. Cells were grown in a humidified atmosphere of 3% CO2 in air. Growth medium was medium 199 containing 0.6 mg of NaHCOs per ml and 10% heat-inactivated fetal calf serum. Confluent monolayers suitable for inoculation were formed in 24 h.",Influenza viruses B/Lee/40 (Lee/40) and B/Massachusetts/1/71 (Mass/1/71) w,,doi: 10.1128/jvi.13.2.347-352.1974,Genetic Recombination for Antigenic Markers of Antigenically Different Strains of Influenza B Virus,K. Tobita and E. D. Kilbourne
"Chicken Embryo Fibroblast (CEF), Duck Embryo Fibroblast (DEF).","chicken embryo fibroblast (CEF) cells, and domestic duck embryo fibroblast (DEF) cells. For culture media, Eagle’s minimum essential medium (E-MEM, FUJIFILM Wako Pure Chemical Corporation) supplemented with 10% fetal bovine serum (FBS, GE Healthcare UK Ltd., Amersham, UK), penicillin, and streptomycin sulfate were used. Cell culture was carried out at 37 °C and 5% CO2. Cells were grown on 24-well plates until they formed a full monolayer.",Two HPAIVs were used in this study: A/tundra swan/Tottori/C6nk/2014 (H5N8) (Tottori strain) and A/environment/Miyazaki/11/2014 (H5N8) (Miyazaki strain).,,DOI: 10.1016/j.vetmic.2019.08.004,H5N8 avian influenza virus acquires enhanced pathogenicity after a single passage in chicken,"Kosuke Soda 1, Masakazu Sakita 2, Tatsufumi Usui 1, Hiroshi Ito 1, Toshihiro Ito 3"
Chicken embryo Fibroblast (CEF),"Primary chicken embryo fibroblast (CEF) cell cultures were prepared from 10-day-old embryos as previously described (Perdue et al., 1989) and inoculated with infected allantoic fluid.",Mexican H5 N2 avian influenza virus isolates,,DOI: 10.1099/0022-1317-77-7-1493,Heterogeneity in the haemagglutinin gene and emergence of the highly pathogenic phenotype among recent H5N2 avian influenza viruses from Mexico,"M García 1, J M Crawford, J W Latimer, E Rivera-Cruz, M L Perdue"
Chicken embryo Fibroblast (CEF),Primary CEF were grown as described (1).,Stocks of the parent and mutant strains of influenza A/WSN (H1N1),old,DOI: 10.1073/pnas.83.11.3771,Host cell-mediated selection of a mutant influenza A virus that has lost a complex oligosaccharide from the tip of the hemagglutinin,"C M Deom, A J Caton, I T Schulze"
"Chicken Embryo Fibroblast (CEF), Duck Embryo Fibroblast (DEF)","8 do CE, 10.5 do Pekin ducks (0.25% Trypsin, MEM-D, 10% SFB, ATB)",LPAI H2N3 (A/mallard duck/England/7277/06) and equine influenza H3N8 (A/equine/Newmarket/5/03),,https://doi.org/10.1016/j.virusres.2015.01.005,Identification of morphological differences between avian influenza A viruses grown in chicken and duck cells,"Firas Al-Mubarak a b, Janet Daly a, Denise Christie c, Donna Fountain a, Stephen P. Dunham a"
Chicken Embryo Fibroblast (CEF),SPF chicken embryo fibroblast (CEF) cells in DMEM supplemented with 5% fetal calf serum,H9N2 influenza virus A/chicken/Jiyuan/1/2005 (abbreviated for A/CH/JY/1/05) ,,DOI: 10.1016/j.antiviral.2011.04.007,Immune responses of chickens inoculated with a recombinant fowlpox vaccine coexpressing HA of H9N2 avain influenza virus and chicken IL-18,"Hong-Ying Chen 1, Yan-Hong Shang, Hui-Xia Yao, Bao-An Cui, Hong-Ying Zhang, Zi-Xin Wang, Ya-Dan Wang, An-Jun Chao, Ting-Yun Duan"
Chicken Embryo Fibroblast (CEF) and Duck Embryo Fibroblast (DEF),"CEF and DEF were made by 10-day old chicken embryos and 12-day old Pekin duck embryos (Chinese Academy of Agriculture, Beijing, China). The CEF and DEF were grown overnight in MEM supplemented with 5% fetal bovine serum, 100 U/ml penicillin, and 100 μg/ml streptomycin at 37 °C, 5% CO2 with a cell density of approximately 1 × 106 cells/100 mm tissue culture dish. After overnight growth, non-adherent cells were removed by washing the monolayers with sterile PBS."," (A/plateau pika/Qinghai/04/2007(H5N1)), subtypes H5N1",,DOI: 10.1016/j.molimm.2010.12.011,Immune-related gene expression in response to H5N1 avian influenza virus infection in chicken and duck embryonic fibroblasts,"Qing-long Liang 1, Jing Luo, Kai Zhou, Jian-xin Dong, Hong-xuan He"
chicken embryo fibroblast (CEF) and chicken tracheal epithelial (CTE),"CEF cells were prepared from 10-day-old embryonated SPF embryos, carefully chopped with sterile scissors and 3–4 times washed with PBS. Then the tissue fragments were digested in 0.25 % trypsin in dissociation medium at 37 °C for 1 h. The cells were plated into cell culture flasks and maintained in Dulbecco’s modified Eagle’s medium (DMEM) with 10 % fetal bovine serum (FBS) and antibiotics including 100 U/ml penicillin, 100 μg/ml streptomycin and 0.25 μg/ml antimycotic solution. To prepare CTE, tracheas of one-day-old SPF chickens were rinsed in DMEM under sterile condition. The tracheal sections were incubated for 2 h at 37 °C in 20 ml dissociation buffer consisting of DMEM, 1 % penicillin/streptomycin, 0.2 % type XIV protease, and 0.02 % DNase. The procedure for removing epithelial sheets from the tracheas was performed according to Shen et al. (2011). The disrupted tracheal epithelial sheets were homogenized and FBS was added to the digesting solution to stop the reaction. Following centrifugation at 1,000 rpm for 5 min the cell pellets were resuspended in ATE medium (Shen et al. 2011). CEF and CTE cells were infected with the H9N2 virus at varying multiplicity of infection (MOI) of 0.001, 0.1, and 10 PFU/cell in 1 ml in DMEM containing 10 % FBS, antibiotics solution at concentration 1× with and without supplemental trypsin. Following adsorption for 1 h at 37 °C, the inoculum was removed and DMEM replaced. Up to 96 h post-infection (hpi) and at 16-h intervals, culture supernatants were collected and stored at −70 °C until use. Impact of cell passage on virus replication dynamics was determined by six consecutive passages. In this case, supernatant of each passage served as the virus seed for the next passage. The growth dynamic of the virus was evaluated by virus titration of cell culture supernatants at different hpi by plaque assay and hemagglutination (HA) testing. Titers obtained from three independent experiments were analyzed statistically (p < 0.01).",An egg-adapted H9N2 virus ,,doi: 10.1007/s10616-012-9495-5,Impact of chicken-origin cells on adaptation of a low pathogenic influenza virus,"Shahla Shahsavandi,corresponding author Mohammad Majid Ebrahimi, Ashraf Mohammadi, and Nima Zarrin Lebas"
"Chicken Embryo Fibroblast (CEF), Chicken Embryo Kidney (CEK)",Reference,LPAI,LPAI require the addition of exogenous trypsin to the medium or agar overlay in order to cleave the HA and produce infectious virus ,"Diseases of Poultry (Swayne, Suarez, Sims)",Influenza chapter,"Swayne, Suarez, Sims"
Chicken embryo Fibroblast (CEF),Chicken embryo fibroblasts were prepared from 10-day-old embryonated eggs [15] and cultured in RPMI 1640 (GIBCO) supplemented with 10% foetal calf serum (Commonwealth Serum Laboratories). Cells were harvested by mild trypsinization using 0.25% trypsin (Flow Laboratories) for 4 min at room temperature o,A/NT/60/68 H3N2 (NT/60) and A/NWSHA -Tokyo/3/67NAHON2 (T/67) influenza virus,,DOI: 10.1016/0167-4889(82)90039-8,Influenza virus: an NMR study of mechanisms involved in infection,"C E Mountford, G Grossman, A W Hampson, K T Holmes"
Chicken embryo Fibroblast (CEF),Primary chicken embryo fibroblast (CEF) cells as previously described (2).,"IV (Influenza virus) ts mutants, mN3 and ts47",,DOI: 10.1128/JVI.35.1.1-7.1980,Influenza virus-specific RNA and protein syntheses in cells infected with temperature-sensitive mutants defective in the genome segment encoding nonstructural proteins,"A J Wolstenholme, T Barrett, S T Nichol, B W Mahy"
Chicken embryo Fibroblast (CEF),They follow the protocol described by Choppin (1969),"A/Singapore/1/57 (H2N2), A/chick /Victoria/1/185 (H7N7), A/FPV/Rostock/34 (H7N1), A/Chick/Pennsylvania/1370/83 (H5N2) and A/Turkey/England/63 (H7N3).",,DOI: 10.1006/viro.1995.1489,"Inhibition of replication of avian influenza viruses by the neuraminidase inhibitor 4-guanidino-2,4-dideoxy-2,3-dehydro-N-acetylneuraminic acid","L V Gubareva 1, C R Penn, R G Webster"
Chicken Embryo Kidney (CEK),"Chicken embryo kidney (CEK) cells were prepared from kidneys of 15-day-old specific-pathogen-free (SPF) chicken embryos (VALO BioMedia). Kidneys were isolated and digested with 0.25% trypsin (Gibco) in glucose-potassium-sodium (GPS) buffer (1.0 g/liter d-glucose, 0.4 g/liter KCl, 8.0 g/liter NaCl, 0.12 g/liter NaH2PO4 × 2H2O, 0.24 g/liter NaH2PO4 × H2O) for 2 h at room temperature. The cell suspension was pelleted by centrifugation (3 min at 900 rpm) and resuspended in growth medium. Cells were seeded in collagen (BD Biosciences)-coated tissue plates or on collagen-coated coverslips and incubated at 37°C and 5% CO2. At 24 h after seeding, confluent CEK monolayers were used for virus infection studies or isolation of total RNA."," A/quail/Shantou/2061/00 (H9N2), A/quail/Shantou/782/00 (H9N2) (34), A/turkey/Wisconsin/1/66 (H9N2), A/ostrich/Italy/984/00 (H7N1) (kindly provided by I. Capua, Istituto Zooprofilattico Sperimentale delle Venezie, Viale dell'Università, Legnaro, Italy), A/Hamburg/5/09 (H1N1), and A/chicken/Germany/N/49 (H10N7).",,doi: 10.1128/JVI.02320-12,"Matriptase, HAT, and TMPRSS2 Activate the Hemagglutinin of H9N2 Influenza A Viruses","Joanna Baron,a Carolin Tarnow,a Deborah Mayoli-Nüssle,a Eva Schilling,a Daniela Meyer,b Maya Hammami,b Folker Schwalm,a Torsten Steinmetzer,b Yi Guan,c Wolfgang Garten,a Hans-Dieter Klenk,a and Eva Böttcher-Friebertshäusercorresponding authora"
Chicken embryo Fibroblast (CEF),"Primary CEF cultures were prepared from 10- to 11-day-old embryos and were grown in medium 199 supplemented with 10% tryptose phosphate broth, 8% calf serum, 2% chicken serum, and antibiotics.",WSN strain of influenza A virus,,doi: 10.1128/mcb.4.10.2198,Metabolism and expression of RNA polymerase II transcripts in influenza virus-infected cells.,M G Katze and R M Krug
Chicken Embryo Fibroblast (CEF),"Three 7-day-old specific pathogen-free chicken embryos were euthanized. The fibroblasts were divided using a previously described method (Schat and Purchase, 1998). Next, the fibroblasts were cultured in high glucose Dulbecco’s modified Eagle’s medium with 10% calf serum, and 24 h after division, the cells were passaged at a ratio of 1:4. The cells were then divided into two groups: one group was treated with a 100-μL solution of H9N2-infected allantoic fluid diluted with phosphate-buffered saline; the other group was treated with an equal volume of phosphatebuffered saline. When the virus-treated cells exhibited cytopathic effects, and 10% of them had been shed, the culture was collected to detect the virus titers using a blood agglutination test.","H9N2 avian influenza virus (Zhang et al., 2011) ",,DOI: 10.4238/2015.August.7.17,MicroRNAs in avian influenza virus H9N2-infected and non-infected chicken embryo fibroblasts,"X Peng 1, Q S Gao 2, L Zhou 2, Z H Chen 2, S Lu 2, H J Huang 2, C Y Zhan 2, M Xiang 2"
Chicken embryo cells (CEC),"Cell cultures were prepared by removing the required organs from 11-day-old (for brain cells 10-day-old) chicken embryos, trypsinization (Ruddle, 1971) and seeding into Petri dishes of 2 cm diameter. Confluent cultures were used, usually 24 and 48 h after seeding. The cells had a typical appearance for each organ. The heart cultures started ‘beating’ about 48 h after seeding.","A/fowl plague/Rostock/34 (FPV or F, H7N1); A/PR/8/34 (PR8 or P, H1N1); A/chicken/Germany ‘N’/49 (virus N or N, H10N7)",,DOI: 10.1099/0022-1317-69-9-2155,"Multiplication of influenza A viruses with cleavable and non-cleavable haemagglutinin in chicken embryo membranes or organs, and cell cultures derived therefrom","C Scholtissek 1, K Müller, S Herzog, K Frese"
Chicken embryo Fibroblast (CEF),"Chicken embryo fibroblasts (CEF) were prepared from 11-day-old embryos by trypsin digestion. CEF were maintained in Iscove's basal medium containing 5% fetal bovine serum, 2% chicken serum, and 1% penicillin-streptomycin. CEF cultures were used between passages 3 and 10.","Highly pathogenic avian influenza A virus (HPAIV) strains A/Cygnus cygnus/Germany/R65/2006 H5N1 (designated R65), A/FPV/Rostock/34 H7N1 (designated FPV Rostock), and A/Seal/Massachussetts/1/80 H7N7 (designated SC35). Lowly pathogenic strains A/Turkey/Ontario/6118/1968 H8N4 (designated LPAI84; avian origin) and A/WSN/1933 H1N1 (designated WSN33; human origin) were used. ",,DOI: 10.1128/JVI.00535-11,Mx is dispensable for interferon-mediated resistance of chicken cells against influenza A virus,"Benjamin Schusser 1, Antje Reuter, Alexander von der Malsburg, Nicola Penski, Steffen Weigend, Bernd Kaspers, Peter Staeheli, Sonja Härtle"
Chicken embryo Fibroblast (CEF),"CEFs were prepared from 10-day-old chicken embryos, as described previously (17).","Influenza virus A/duck/Hong Kong/278/78 (H2N9) was used as a helper virus to rescue the N2 NA gene of A/duck/Hong Kong/7/75 (H3N2), by using reverse genetics (2, 3)",Growth of transfectant viruses on CEFs,DOI: 10.1128/JVI.71.9.6706-6713.1997,"Neuraminidase Hemadsorption Activity, Conserved in Avian Influenza A Viruses, Does Not Influence Viral Replication in Ducks","D Kobasa 1, M E Rodgers, K Wells, Y Kawaoka"
Chicken Embryo Fibroblast (CEF) and Duck Embryo Fibroblast (DEF),,"Two HPAI viruses were used. CkYM7 (genotype V, clade 2-5) isolated from a chicken in the outbreak in Japan (25) and DkYK10 (clade 6) isolated from duck meat imported from China during Japanese quarantine service (24) ",,doi: 10.1128/JVI.01648-10,NP Body Domain and PB2 Contribute to Increased Virulence of H5N1 Highly Pathogenic Avian Influenza Viruses in Chickens ▿,"Tatsuya Tada,1,4 Koutaro Suzuki,1,4 Yu Sakurai,1 Masanori Kubo,2 Hironao Okada,3,4 Toshihiro Itoh,3,4 and Kenji Tsukamoto1,4,*"
Chicken Embryo Kidney (CEK),"The recovery of viable CEK cells was best (50.8% viability) when the concentration of dimethyl sulfoxide (DMSO) in the freezing medium was 20% (v/v). The viability of primary CEK cells was not influenced by the concentration of calf serum in the freezing medium, the duration of storage at −70°C before storage in liquid nitrogen, cell concentration, or the method of addition or dilution of DMSO.",No virus,Tells you how to preserve the cells,DOI: 10.1007/BF02686009,Optimal conditions for cryopreservation of primary chicken embryo kidney cells with dimethyl sulfoxide,"Jee-Wan Choi 1, Eun-Kyung Shin, Suk-Hoon Ha, Hyun Ah Kim, Yeon Hee Kim, Jae Seoung Kim, Tae-Wook Hahn"
Chicken embryo Fibroblast (CEF),"CEF were prepared from 10-day-old embryonated eggs and maintained in DMEM supplemented with 10% FBS, 2 mM l-glutamine, and 50 μg/ml gentamycin.","Four H5N1 viruses were previously generated by reverse genetics (Hatta et al., 2001): HK483RG, constructed from plasmids based on the consensus sequence of A/Hong Kong/483/97; HK3PB2-627E, a mutant of HK483RG containing a Lys-to-Glu substitution at position 627 of PB2; HK486RG, constructed from plasmids based on the consensus sequence of A/Hong Kong/486/97; and HK6PB2-627K, a mutant of HK486RG containing a Glu-to-Lys substitution at position 627 of PB2 (Table 1). ",,DOI: 10.1016/j.virol.2003.11.030,"PB2 amino acid at position 627 affects replicative efficiency, but not cell tropism, of Hong Kong H5N1 influenza A viruses in mice","Kyoko Shinya 1, Stefan Hamm, Masato Hatta, Hiroshi Ito, Toshihiro Ito, Yoshihiro Kawaoka"
Chicken embryo fibroblast (CEF),"CEF cultures were prepared from 10-day-old specific pathogen-free (SPF) embryonated eggs, following established protocols [19]",H9N2 avian influenza virus (A/Korean native chicken/Korea/K040110/2010) and H1N1 human influenza virus (A/NWS/1933),,DOI: 10.1186/s12985-016-0527-1,Pre-immune state induced by chicken interferon gamma inhibits the replication of H1N1 human and H9N2 avian influenza viruses in chicken embryo fibroblasts,"Seong-Su Yuk 1, Dong-Hun Lee 1, Jae-Keun Park 1, Erdene-Ochir Tseren-Ochir 1, Jung-Hoon Kwon 1, Jin-Yong Noh 1, Joong-Bok Lee 1, Seung-Yong Park 1, In-Soo Choi 1, Chang-Seon Song 2"
Chicken Embryo Kidney (CEK),No protocol,"he ca donor A/Leningrad/134/17/57 (A/Len/17)-ca was obtained from Professor G. I. Alexandrova, Research Institute of Experimental Medicine, Russian Academy of Medical Sciences, Russia, under the Australia-Russia Agreement for Collaboration in Medical Research and Public Health. The epidemic strain A/Beijing/32/92 (A/Beij/32) was obtained from the WHO Collaborating Centre for Reference and Research on Influenza, Parkville, VIC, Australia. ",,DOI: 10.1016/s0264-410x(02)00056-7,Preparation and characterisation of attenuated cold-adapted influenza A reassortants derived from the A/Leningrad/134/17/57 donor strain,"M D Wareing 1, G A Marsh, G A Tannock"
Chicken Embryo Fibroblast (CEF),"Primary CEFs cells were isolated from 8 to 10 days old chick embryos maintained in Dulbecco's Modified Eagle's Medium (DMEM, Invitrogen, USA) supplemented with 10 % fetal bovine serum (Invitrogen), 100 U/mL penicillin and 100 U/mL streptomycin (P/S) (Invitrogen) as described previously","A/turkey/Wisconsin/1/1966(H9N2) (NR-28661, BEI Resources, USA) and A/PR/8/1934(H1N1) (ATCC® VR95™) ",,DOI: 10.1016/j.molimm.2021.10.003,Pre-treatment with chicken IL-17A secreted by bioengineered LAB vector protects chicken embryo fibroblasts against Influenza Type A Virus (IAV) infection,"Aritraa Lahiri 1, Sucharita Bhowmick 1, Shayan Sharif 2, Amirul Islam Mallick 3"
Chicken Embryo Kidney (CEK),Monolayers of primary chicken embryo kidney (CEK) cells were prepared from the kidneys of 18-day-old SPF chicken embryos and used for replication kinetics.,"Two H7N1 viruses, LPAIV A/chicken/Italy/473/1999 (referred to here as Lp) and HPAIV A/chicken/Italy/445/1999 (referred to as Hp), were obtained from the repository of the Friedrich-Loeffler-Institut (FLI).",,doi: 10.1080/21505594.2016.1159367,Prevalence of the C-terminal truncations of NS1 in avian influenza A viruses and effect on virulence and replication of a highly pathogenic H7N1 virus in chickens,"El-Sayed M. Abdelwhab,a Jutta Veits,a Angele Breithaupt,b,† Sandra Gohrbandt,a Mario Ziller,c Jens P. Teifke,b Jürgen Stech,a and Thomas C. Mettenleitera"
Tracheal cell culture (TEC),"17 do chicken embryos, the process of tissue desintegration takes 2 hs, the protease is different from trypsin.",AIV H7N3 strain A/TK/OR/71-SEPRL,"Observed with electron microscopy, too much space between cells.",https://www.tandfonline.com/doi/full/10.1080/03079450701774850,Primary chicken tracheal cell culture system for the study of infection with avian respiratory viruses,"K. M.  Zaffuto, C. N.  Estevez and C. L.  Afonso"
"Chicken Embryo Lungs (CELu), Chicken Embryo Mucles (CEM)","Chicken lungs and skeletal muscles were aseptically removed from 9-12 do embryos. 0.25 % trypsin-1 mM EDTA, MEM-D, 10% SFB",H9N2 (A/chicken/Pakistan/NCVI-01/2010),"Chicken embryo Lung, and chicken embryo Muscle.",https://doi.org/10.1007/s10295-013-1256-8,Production of avian influenza virus vaccine using primary cell cultures generated from host organs,"Mustafeez Mujtaba Babar, Muhammad Suleman Riaz, Najam-us-Sahar Sadaf Zaidi, Farhan Afzal, Muhammad Sabir Farooq"
Chicken embryo Fibroblast (CEF),"11 days old chicken embryos dropped into CMF-PBS. The heads, limbs, hearts, lovers, and stomachs were removed and the carcasses finely chopped . The minced tissue is stirred with 0.25 % trypsin for 37 celcius, 30 min (50 ml trypsin solution for each dozen embryos). The supernatant fraction was decanted through steril gauze into a centrifuge bottle with 5 ml FCS. The cells get subjected to a second trypsination and the cell suspensions are centrifugued (5 celcius at 1500 rpm for 30 min), the pellets are resuspended in MEM and counted. ",Influenza Virus (WSN strain),Really old paper,DOI: 10.1002/bit.260160804,"Production of sindbis, influenza, and vesicular stomatitis viruses in chicken embryo and rat embryo cell suspensions","L Keay, S Schlesinger"
Chicken embryo liver (CELi),"The chicken embryo liver (CEL) cells were prepared using 15-day-old specific pathogen-free (SPF) chicken embryonated eggs (CEE) [24]. The liver from the embryo was aseptically harvested and macerated in sterile petri dish with sterile forceps. Macerated liver was transferred into sterile conical flask and cells dissociated with sodium bicarbonate-free Trypsin-EDTA (0.25% Trypsin and 2.25 mM EDTA) (Corning, Manassas, VA, USA) in a two-step dissociation. Liver from 2 SPF CEE was dissociated initially with 12 mL of Trypsin-EDTA and pipetted into centrifuge 50 mL tube, and dissociation was repeated subsequently with 8 mL Trypsin-EDTA. Dissociated liver cells were centrifuged (Hettich Zentrifugen, Tuttlingen, Germany) at 1500 rpm for 5 min, after which Trypsin-EDTA was discarded and the CEL cells were suspended in fresh DMEM media supplemented with 10% FBS and 2% (v/v) antibiotics (penicillin–streptomycin) [25]. The CEL cells were seeded onto already prepared Cytodex™ 1 microcarriers.",Fowl adenovirus (FAdV) isolate (UPM08136),, https://doi.org/10.3390/pr8091065,Propagation and Molecular Characterization of Fowl Adenovirus Serotype 8b Isolates in Chicken Embryo Liver Cells Adapted on Cytodex™ 1 Microcarrier Using Stirred Tank Bioreactor,"Chidozie C. Ugwu 1,2,Mohd Hair-Bejo 1,3,*,Mat I. Nurulfiza 3,4,Abdul R. Omar 1,3ORCID andAini Ideris 1,3"
"Chicken embryo Fibroblast (CEF), Chicken embryo tracheal rings (CET), Chicken embryo lung cells (CEL)","Various cell cultures (approximately 10' cells) were inoculated with 0.2 to 0.4 ml of virus (256 to 512 HAU) and incubated at 32 or 37°C. Chicken embryo tracheal rings were prepared according to the method of Cherry and Taylor-Robinson (2). Chicken embryo fibroblast (CEF) cultures were prepared by trypsin treatment and maintained in Eagle minimal essential medium according to Lennette and Schmidt (15). Chicken embryo lung cells (CEL) were prepared according to the method of Darlington et al. (5). Vero (African green monkey kidney), Madin-Darby bovine kidney (MDBK), and Chang conjunctiva cells, 3T3 mouse fibroblasts, and L-929 cells were obtained from the American Type Culture Collection, and Madin-Darby canine kidney (MDCK) cells were obtained from Flow Laboratories, Inc., Rockville, Md. All cells were grown in minimal essential medium containing 10% fetal calf serum.","Influenza C strain JJ,  Influenza A
(strains PR8 and A2/Japan), influenza B (Lee),",,DOI: 10.1128/JVI.24.3.875-882.1977,Properties of influenza C virus grown in cell culture,"R J O'Callaghan, M Loughlin, D D Labat, C Howe"
Chicken Embryo Fibroblast (CEF),"CEF cells were isolated from 10-day chicken embryos and grown in DMEM medium supplemented with 10% FBS (Gibco, Karlsruhe, Germany). ","H5N1 viruses, rNA-wt (HA and NA genes from H5N1 virus, other genes from the A/WSN/33 virus) and rSD20 (a 20-amino-acid deletion in the NA stalk) were produced by reverse genetics ",,doi: 10.1038/srep40698,Proteome Response of Chicken Embryo Fibroblast Cells to Recombinant H5N1 Avian Influenza Viruses with Different Neuraminidase Stalk Lengths,"Yongtao Li,1,2,* Fan Ming,1,* Huimin Huang,1,* Kelei Guo,1 Huanchun Chen,1 Meilin Jin,1 and Hongbo Zhoua,1"
Chicken Embryo Fibroblasts (CEF),No information or reference about the method.,"Recombinant H5N1 viruses rNS1-wt (HA, NA, and NS genes from H5N1 virus A/chicken/Hubei/327/2004, other genes from the A/WSN/33 virus) and rNS1-SD3(30 amino acids deleted in NS1 between residues 84 and 113)",,doi: 10.18632/oncotarget.23615,Proteomic analysis of chicken embryo fibroblast cells infected with recombinant H5N1 avian influenza viruses with and without NS1 eIF4GI binding domain,"Kelei Guo,1,2,3,4 Xian Lin,1,2,3,4 Yongtao Li,1,5 Wei Qian,1,2,3,4 Zhong Zou,1,2,3,4 Huanchun Chen,1,2,3,4 Hongbo Zhou,1,2,3,4 and Meilin Jin1,2,3,4"
"Chicken Embryo Fibroblast (CEF), Ducke Embryo Fibroblast (DEF)",Lungs from 4wo ducks and chickens,"LPAI H2N3 (A/mallard duck/England/7277/06),  a classical swine H1N1 (A/sw/Iowa/15/30), and two highly pathogenic avian H5N1 viruses (A/turkey/England/50-92/91 and A/turkey/Turkey/1/05)",The duck cells die earlier,https://doi.org/10.1038/icb.2011.17,Rapid death of duck cells infected with influenza: a potential mechanism for host resistance to H5N1,"Suresh V Kuchipudi, Stephen P Dunham, Rahul Nelli, Gavin A White, Vivien J Coward, Marek J Slomka, Ian H Brown, Kin Chow Chang"
Duck Embryo fibroblast (DEF),"Duck embryo fibroblasts (DEFs) prepared from 10-day-old specific-pathogen-free duck embryos were cultured in Dulbecco's Modified Eagle Medium (DMEM) (Gibco-BRL) supplemented with 10% (v/v) fetal bovine serum (FBS), and DMEM supplemented with 2% FBS was used for virus culture.",Plasmid expressing H5 HA,,DOI: 10.1016/j.vaccine.2013.10.035,Recombinant duck enteritis virus expressing the HA gene from goose H5 subtype avian influenza virus,"Xiaomei Liu 1, Shuangshi Wei, Yan Liu, Peifen Fu, Mingchun Gao, Xiaoyu Mu, Hua Liu, Mingwei Xing, Bo Ma, JunWei Wang"
Chicken embryo Fibroblast (CEF),Primary chicken embryo fibroblasts (CEFs) were prepared from 10-day-old embryonated SPF eggs and maintained in M199 medium (Gibco) supplemented with 1% foetal bovine serum (FBS).,The HPAI H7N1 virus strain A/ostrich/Italy/984/00 (Italy/984),,DOI: 10.1016/j.vaccine.2011.08.115,Recombinant herpesvirus of turkeys as a vector-based vaccine against highly pathogenic H7N1 avian influenza and Marek's disease,"Yongqing Li 1, Kolli Reddy, Scott M Reid, William J Cox, Ian H Brown, Paul Britton, Venugopal Nair, Munir Iqbal"
Primary endothelial cells were cultured from aortic arches of chicken (CEEC) and Pekin duck (DEEC) ,"Eighteen-day-old chicken embryos were obtained from Drost Loosdrecht B.V., The Netherlands, and 21-day-old duck embryos were obtained from Duck-To-Farm B.V., The Netherlands. In the European Union, embryos from avian species are not subjected to ethical regulations, regardless of the embryonic stage. Briefly, ascending aortic arches were separated from the hearts and minced into small pieces. The pieces were transferred to culture dishes coated with 0.2% gelatin (Sigma-Aldrich, St. Louis, MO, USA) and maintained in Microvascular Endothelial Cell Growth Medium-2 (EGMTM-2MV; LONZA, Basel, Switzerland). Endothelial cells were passaged every 3–4 days for a minimum of 15 passages before use in infection experiments. Chicken and duck embryonic fibroblasts (CEF; DEF) were isolated from 11-day-old chicken and 13-day-old duck embryos (protocol adapted from [57]) and cultured in Medium 199 (LONZA, Basel, Switzerland) supplemented with 10% fetal calf serum (FCS; Greiner Bio-One, Kremsmünster, Austria), 10% Tryptose Phosphate Broth (TPB; MP Biomedicals, Santa Ana, CA, USA), 100 U/mL penicillin (LONZA, Basel, Switzerland), and 100 U/mL streptomycin (LONZA, Basel, Switzerland).","Wild-type HPAIV isolate A/Vietnam/1203/04 (H5N1), A/turkey/Turkey/1/05 (H5N1)",,DOI: 10.3390/v14010165,Reduced Replication of Highly Pathogenic Avian Influenza Virus in Duck Endothelial Cells Compared to Chicken Endothelial Cells Is Associated with Stronger Antiviral Responses,"Anja C M de Bruin 1, Monique I Spronken 1, Theo M Bestebroer 1, Ron A M Fouchier 1, Mathilde Richard 1"
Chicken embryo Fibroblast (CEF),"EFs were cultured from 10-day-old SPF chicken embryos according to standard procedures [27]. Briefly, 1× 107 cells were added per well in a 24-well culture plate.",H5N1 AIV,,DOI: 10.1007/s12250-010-3114-4,Reference gene selection for normalization of PCR analysis in chicken embryo fibroblast infected with H5N1 AIV,"Hua Yue 1, Xiao-wen Lei, Fa-long Yang, Ming-yi Li, Cheng Tang"
Chicken embryo Fibroblast (CEF),"Chicken embryo fibroblasts (CEF), prepared from 10-day-old chicken embryos, were cultured in
MEM with 10% calf serum. ",A/turkey/Ontario/7732/66 (H5N9) influenza virus (Ty/Ont),,doi: 10.1128/jvi.68.5.3120-3128.1994,Reverse genetics provides direct evidence for a correlation of hemagglutinin cleavability and virulence of an avian influenza A virus.,T Horimoto and Y Kawaoka
Chicken embryo Fibroblast (CEF),"Monolayer cultures of chicken embryo fibroblast cells were prepared as previously described (6) and grown in medium 199 containing 10% calf serum on 15-cm glass petri dishes maintained at 37 C. For infection, cell sheets were washed in phosphate-buffered saline (PBS), then exposed to allantoic fluid containing influenza virus (fowl plague, Rostock strain, FPV) diluted so as to provide an input multiplicity of infection of approximately 20 plaque-forming units per cell. A","Influenza virus (fowl plague, Rostock strain, FPV)",,DOI: 10.1128/JVI.12.5.951-961.1973,RNA-dependent RNA polymerase in nuclei of cells infected with influenza virus,"N D Hastie, B W Mahy"
Chicken Embryo Fibroblast (CEF),No protocol, H9N2 viruses (A/Chicken/Shandong/01/2016),,DOI: 10.1016/j.vetmic.2017.11.003,Screening host proteins required for bacterial adherence after H9N2 virus infection,"Li-Li Ma 1, Zhen-Hong Sun 2, Yu-Lin Xu 1, Shu-Juan Wang 1, Hui-Ning Wang 1, Hao Zhang 1, Li-Ping Hu 3, Xiao-Mei Sun 1, Lin Zhu 1, Hong-Qi Shang 1, Rui-Liang Zhu 4, Kai Wei 5"
Chicken embryo Fibroblast (CEF),"Primary CEF, obtained from 8- to 10-day-old embryos, were grown as described previously (5, 20).","variants of the WSN strain of influenza A (H1N1) virus which we have previously characterized (5, 8, 19, 20).",,doi: 10.1128/jvi.65.6.3022-3028.1991,Single amino acid substitutions in the hemagglutinin can alter the host range and receptor binding properties of H1 strains of influenza A virus.,S Aytay and I T Schulze
Chicken embryo Fibroblast (CEF),Chicken embryo fibroblasts (CEF) were grown in M199 medium supplemented with 4% FBS. ," HPAI H7N9 strains (A/chicken/Guangdong/GD15/2016, GD15), (A/chicken/Hebei/SJ27/2017, SJ27), and (A/chicken/Guangdong/HZLH1/ 2017, HZLH1), and the LPAI H7N9 strains (A/chicken/Jiangsu/ TM24/2013, TM24), (A/chicken/Jiangsu/RG126/2015, RG126), (A/ chicken/Zhejiang/JX148/2014, JX148), (A/chicken/Anhui/AH395/ 2017, AH395), and (A/chicken/Jiangsu/YZLH37/2017, YZLH37) were described elsewhere (4,10). H7N9 viruses were isolated from living poultry markets or chicken farms. ",,DOI: 10.1637/11965-090118-Reg.1,Single Immunization with Newcastle Disease Virus-Vectored H7N9 Vaccine Confers a Complete Protection Against Challenge with Highly Pathogenic Avian Influenza H7N9 Virus,"Lei Shi 1, Zenglei Hu 1, Jiao Hu 1, Dong Liu 1, Lihong He 1, Jiao Liu 1, Han Gu 1, Junji Gan 1, Xiaoquan Wang 1, Xiufan Liu 2 3 4 5"
Chicken embryo Fibroblast (CEF)," MEM with trypsin (Trypsin, Sigma, St. Louis, MO, U.S.A.) reaching final concentrations of 0.5 and 0 µg/ml,","Low pathogenic AI virus, namely A/duck/Aomori/395/04 H7N1 [7], and virulent vNDV, namely NDV/chicken/Asean Country/2013 [8]",, doi: 10.14202/vetworld.2019.1-6,Stability and virucidal efficacies using powder and liquid forms of fresh charcoal ash and slaked lime against Newcastle disease virus and Avian influenza virus,"Sakchai Ruenphet,1 Darsaniya Punyadarsaniya,1 Tippawan Jantafong,1 and Kazuaki Takehara2"
"CEF, chicken intestinal epitelial cells (IEC)","For IEC, they use 5-12 wo SPF chickens. CEF culture medium consisting of McCoy’s5A modified medium + L-15 Leibovitz medium (1:1) with 10% FBS (Biochrom AG, Berlin, Germany), 1% l-glutamine (200 mM, Biochrom AG, Berlin, Germany) and 1% penicillin/streptomycin (10.000 U/ml/10.000 μg/ml, Biochrom AG, Berlin, Germany)",A/chicken/Saudi Arabia/CP7/1998 (H9N2),The medium they use is unconventional to me.,https://www.sciencedirect.com/science/article/pii/S0168170216301137?via%3Dihub,Susceptibility of primary chicken intestinal epithelial cells for low pathogenic avian influenza virus and velogenic viscerotropic Newcastle disease virus,"Annette Kaiser a, Thomas Willer a, Hicham Sid a, Henning Petersen a, Wolfgang Baumgärtner b, Pablo Steinberg c, Silke Rautenschlein a"
Chicken Embryo Brain (CEB),"Brains were isolated from 14-day-old chicken embryo's. The brains were washed with sterile PBS and trypsinised (0.25%) for three times 3 min at room temperature with a magnetic stirrer. After each trypsin incubation, cells were isolated and suspended in FCS. The suspension was filtered through a 100 μm cell strainer, centrifuged (10 min 450 xg) and resuspended in 150 ml GMEM/EMEM (1:1) culture medium supplemented with 10% FCS and 2% antibiotic mix. The cell suspension was divided over 150 cm2 flasks. Cells were incubated for 48 h in an humidified incubator at 37°C.","H7N1 Avian influenza virus strains HPAIV (A/turkey/Italy/4580/99) and LPAIV (A/chicken/Italy/1067/99) with an intravenous pathogenicity index (IVPI) of 3.0 and 0.0 respectively, were obtained from Dr. Ilaria Capua (Istituto Zooprofilattico Sperimentale delle Venezie, Italy).",,doi: 10.1186/1743-422X-9-61,Systemic virus distribution and host responses in brain and intestine of chickens infected with low pathogenic or high pathogenic avian influenza virus,"Jacob Post,corresponding author1 Dave W Burt,2 Jan BWJ Cornelissen,1 Venice Broks,1 Diana van Zoelen,1 Ben Peeters,1 and Johanna MJ Rebel1"
Chicken embryo Fibroblast (CEF),Prepared by the National and Local Joint Engineering Laboratory for the Medicament of Zoonosis Prevention and Control in the College of Veterinary Medicine at South China Agricultural University (SCAU)," H5N1 virus A/goose/Guangdong/SH7/2013 (SH7; PB2, EPI1215859; PB1, EPI1215860; PA, EPI1215861; NP, EPI1215863; M, EPI1215865; NS, EPI1215864), and the H5N6 viruses A/duck/Guangdong/673/2014 (673; HA, EPI1208375; NA, EPI980834) and A/goose/Guangdong/674/2014 (674; HA, EPI1208376; NA, EPI980835)",,doi: 10.3389/fmicb.2018.01088,The Appropriate Combination of Hemagglutinin and Neuraminidase Prompts the Predominant H5N6 Highly Pathogenic Avian Influenza Virus in Birds,"Xiuhui Wang,1,† Zhaoyong Zeng,1,† Zaoyue Zhang,1 Yi Zheng,1 Bo Li,1 Guanming Su,1 Huanan Li,1 Lihong Huang,1,2 Wenbao Qi,1,3,4,* and Ming Liao1,3,4,*"
"Primary duck/chicken endothelial cells (CEEC, DEEC)","18 do embryonated chicken eggs and 21 do embryonated duck eggs. Hearts were harvested in DMEM medium. The ascending aortic arches were carefully separated from the hearts and minced into smaller pieces using scalpels onto a glass plate. These pieces were transferred to a culture dish coated with 0.2% gelatin containing 10 ml of EGMTM-2MV medium. Aortic cells were incubated at 40 °C, 5% CO2 for 2 days. Two days after isolation, the pieces of aortic arches were carefully washed away with PBS and 10 ml of fresh EGMTM-2MV medium were added to the culture dish. Aortic cells were passaged every 3 to 4 days. Aortic cells were passaged for a minimum of 15 times and cryopreserved on some occasions in 90% FCS-10% DMSO","A/turkey/Turkey/1/05 (HPAI, H5N1) ","HPAI but it could work for LPAI as they have also proven to have tropism, this one includes the protocol",doi: 10.1186/s12866-018-1307-4,The culture of primary duck endothelial cells for the study of avian influenza,"Raissa L. Davis,1 Geunho Choi,1 Thijs Kuiken,1 Pascale Quéré,2 Sascha Trapp,2 Kirsty R. Short,#1,3,4 and Mathilde Richardcorresponding author#1"
"Chicken Embryo Fibroblast (CEF), Turkey Embryo Fibroblast (TEF), Duck Embryo Fibroblast (DEF)","Avian embryo fibroblasts were derived from specific-pathogen-free chicken (Charles River, Wilmington, MA), commercial turkey (Willmar Poultry Co, Willmar, MN), and commercial Pekin duck (Maple Leaf Farms, Leesburg, IN) eggs as follows. Briefly, after embryonating for the number of days indicated in Table 1, six eggs of each avian species were chilled at 4 °C then disinfected by spraying their surface with 70% ethanol in water. Embryo fibroblasts were prepared according to standard methods (Martin et al., 1971). Cells were resuspended in 10% DMSO and 20% FCS in DMEM then aliquoted in 1 mL volumes at approximately 5 × 107 cells/mL. Cell aliquots were frozen in liquid nitrogen until further use. Age of avian embryonating eggs at time of fibroblast preparation (Chicken 11 d, Turkey 14.5 d, Duck 13 d)Chicken embryo fibroblasts (CEF), turkey embryo fibroblasts (TEF), and duck embryofibroblasts (DEF) were thawed, washed three times in sterile PBS, and resuspended in DMEM supplemented with 10% FCS, 10 mM HEPES, 100 U/mL penicillin, and 100 μg/mL streptomycin. 1–2 × 106 cells were seeded per well on 12-well plates (Corning, Corning, NY) and incubated at 37 °C and 5% CO2. When the cells reached confluency (2–4 days), a single well of each CEF, DEF, or TEF culture was trypsinized and quantified by hemocytometer.","Reassortant NS1 A allele and B allele viruses were generated by reverse genetics using A/guinea fowl/Hong Kong/WF10/99 (H9N2) WF10 plasmids (Song et al., 2007) as a recipient virus. The NS genes of low-pathogenicity avian influenza viruses A/duck/WA/663/97 (H11N9, A Genbank Accession no. KC833454) and A/greater white fronted goose/California/HKWF446/2007 (H10N7, B allele Genbank Accession no. CY034169) ",,DOI: 10.1016/j.molimm.2013.05.236,The effect of avian influenza virus NS1 allele on virus replication and innate gene expression in avian cells,"Sean Adams 1, Zheng Xing, Jinling Li, Kristelle Mendoza, Daniel Perez, Kent Reed, Carol Cardona"
Chicken Embryo Kidney (CEK),Surface antigen gene segregants were prepared by co-infection of cultured primary chicken embryo kidney (CEK),H3N2 reassortant A/Queensland (Qld)/6/72-ca (CR6) and the H1N1 reassortant A/Hong Kong (HK)/123/77-ca,,DOI: 10.1007/BF01309736,The immunogenicity of reassortants of the cold-adapted influenza A master strain A/Ann Arbor/6/60 is determined by both the genes for cold-adaptation and the haemagglutinin gene,"G A Tannock 1, J R Romanova, J A Paul"
Chicken Embryo Fibroblasts (CEF),"CEF were derived from specific-pathogen-free chicken eggs. Briefly, after embryonating for 11 days, eggs were chilled at 4 °C and then disinfected by spraying their surface with 70% ethanol in water. Embryo fibroblasts were prepared according to standard methods",pH1N1 virus A/Beijing/16/2009 (BJ09) and H9N2 virus A/chicken/Hebei/LC/2008 (HB08) ,,https://doi.org/10.1038/srep10130,The infection of turkeys and chickens by reassortants derived from pandemic H1N1 2009 and avian H9N2 influenza viruses,"Honglei Sun 1, Weili Kong 1, Litao Liu 1, Yi Qu 1, Chong Li 1, Ye Shen 1, Yu Zhou 1, Yu Wang 1, Sizhe Wu 1, Juan Pu 1, Jinhua Liu 1, Yipeng Sun 1"
"Chicken Embryo Fibroblast (CEF), Goose Embryo Fibroblast (GEF)",Chicken embryo fibroblasts (CEFs) were prepared from 10-day-old specific-pathogen-free (SPF) chicken embryos. Goose embryo fibroblasts (GEFs) were prepared from 14-day-old goose embryos. The CEFs and GEFs were maintained in minimum essential medium containing 10% fetal bovine serum.,S/GD/1/96 and GS/GD/2/96 H5N1 viruses were isolated from sick geese in Guangdong province in southern China in 1996. ,,doi: 10.1128/JVI.00993-06,The NS1 Gene Contributes to the Virulence of H5N1 Avian Influenza Viruses▿,"Zejun Li, Yongping Jiang, Peirong Jiao, Aiqin Wang, Fengju Zhao, Guobin Tian, Xijun Wang, Kangzhen Yu, Zhigao Bu,* and Hualan Chen*"
"Chicken Embryo Kidney (CEK), Chicken Embryo Fibroblast (CEF)","Eagle’s MEM (Nissui) supplemented with 5% calf serum and 10% tryptose phosphate broth was used as the growth medium for cell cultures. Trypsin (Sigma Type I twice crystalline) was dissolve in PBS (5 mg/ml) without diatomic cation, sterilized by filtration and stored at –70°C as original solution until use. The trypsin was supplemented in the culture medium as necessary.","A/chicken/Japan/25(H7N7), A/chicken/Germany""N""/49 (H10N7), A/ duck/England/56 (H11N6), A/duck/Czech/56 (H4N6), A/ duck/Ukraine/1/63 (H3N8), A/turkey/Massachusetts/3740/ 65 (H6N2) A/turkey/Ontario/7732/66 (H5N9) and A/ turkey/Ontario/6118/68 (H8N4) are reference strains of avian influenza virus. The A/mynah/Tokyo/229/77 (H4N6), A/mynah/Tokyo/231/77 (H3N8) and A/mynah/ Tokyo/252/77(H4N8) strains have been isolated from imported mynahs in Japan. The A/budgerigar/Aichi/77 (H3N8) strain has also been isolated from a pet budgerigar in Japan.",The protocol is not fully explained.,https://www.jstage.jst.go.jp/article/jvms/62/6/62_6_659/_article,The Susceptibility of Culture Cells to Avian Influenza Viruses,"Takaaki SUGIMURA, Yosuke MURAKAMI, Takashi OGAWA"
CELi (liver),"Isolated from 14 do SPF chicken eggs and were cultured at 37°C and 5% CO2 in DMEM supplemented with 10% FBS, 2 mM glutamine and antibiotics. ","A/turkey/Wisconsin/68 (H5N9), A/chicken/Texas/167280-4/02 (H5N3), A/turkey/Virginia/158512/02 (H7N2) and A/chicken/NJ/12220/97 (H9N2) LPAI viruses were propagated in allantoic cavities of 9–11 day of embryonation SPF chicken eggs.",CEH can support growth of the tested LPAIVs when with trypsin supplementation,doi: 10.1186/1743-422X-10-342,Transcription factor regulation and cytokine expression following in vitro infection of primary chicken cell culture with low pathogenic avian influenza virus,"Haijun Jiang,1,2 Kangzhen Yu,2 and Darrell R Kapczynskicorresponding author1"
Chicken Embryo Lung (CELu),"Chicken embryo lungs were isolated from 19 day old specific-pathogen free (SPF) chicken embryos (Charles River Laboratories, North Franklin, CT, USA). Lung tissues were homogenized and incubated in a 0.125% trypsin solution for 30 min at room temperature (25°C). Cells dissociated from lung tissues were suspended in a 1:1 ratio of mammary epithelial growth media (MEGM; Lonza, Rockland, ME, USA) and Dulbecco's Modified Eagle's Medium (DMEM, 0.45% glucose) plus 2% fetal bovine serum (FBS), 100 units/ml penicillin, 100 μg/ml streptomycin, and 2 mM L-glutamine in 10 cm tissue culture dishes (Sarstedt Inc., Newton, NC, USA) pretreated with 0.5% gelatin in PBS to improve cell adhesion. Cultured cells were grown at 39°C containing 5% CO2 until cells reached confluent monolayers (2 to 4 days). ",The USDA reference strain of ILTV,,https://doi.org/10.1186/1471-2164-11-445,Transcriptional profiling of host gene expression in chicken embryo lung cells infected with laryngotracheitis virus,"Jeong Yoon Lee, Joon Jin Song, Ann Wooming, Xianyao Li, Huaijun Zhou, Walter G Bottje & Byung-Whi Kong"
Chicken Embryo Fibroblast (CEF),"Specific pathogen-free (SPF) embryonated chicken eggs (ECEs) aged 9–11 days were purchased from Beijing Vital River Laboratory Animal Technology Co., Ltd. (Beijing, China) and made into CEFs in our laboratory (Biotechnology Research Institute Chinese Academy of Agricultural Sciences), then cultured in 37 °C constant temperature incubator. CEFs were cultured in Media 199 (M199) supplemented with 5% fetal bovine serum (FBS; Gibco, Carlsbad, USA), an antibiotic cocktail of 1‰ penicillin and streptomycin (P/S; Gibco) at 37 °C in 5% CO2 incubator for 24 h (Munir et al., 2012).", H9N2 (A/chicken/Hebei/1/01(H9N2)) ,,DOI: 10.1016/j.meegid.2022.105332,Transcriptome analysis of pre-immune state induced by interferon gamma inhibiting the replication of H9N2 avian influenza viruses in chicken embryo fibroblasts,"Haozhi Song 1, Xingjian Liu 1, Xintao Gao 1, Jialei Li 1, Yuting Shang 1, Weisong Gao 1, Yinü Li 2, Zhifang Zhang 3"
"Chicken Embryo Fibroblast (CEF), Chicken Embryo Liver (CELi), Chicken Embryo Lung (CEL), Chicken Embryo small Intestine (CEI)","Primary CEF and liver (CELi) cells were prepared from 11-day-old SPF embryos and cultured at a density of 106 and 104 cells/ml, respectively, in Dulbecco's Modiﬁed Eagle Medium (DMEM; Gibco, Karlsruhe, Germany) containing 10% fetal bovine serum (FBS; Gibco), 100 units/ml penicillin (Gibco), and 100 mg/ml streptomycin (Gibco) (D-valine being added to the CELi to inhibit the growth of fibroblast cells). The cultures were then incubated at 37.5°C with 5% CO2. Primary CEK, lung (CEL) and small intestine (CEI) cells were prepared from 18- to 20-day-old SPF embryos. The kidneys were collected, washed with phosphate buffered saline (PBS), and digested with trypsin/EDTA. The digestion was stopped by adding DMEM containing 5% FBS. After centrifugation at 1000×g for 10 min, the kidney cells were resuspended in serum-free DMEM, ﬁltered through sterile gauze, distributed into plastic tissue culture ﬂasks at a density of 3×104 cells/ml, then incubated at 37.5°C with 5% CO2. Removed lungs were thoroughly rinsed by injecting PBS through the lung artery. The bronchi were not discarded and the whole lungs were minced then digested using a mixture of trypsin and elastase for 15 min at 37°C in a shaking water bath. The lung tissue was digested with sterile filtered 0.5 mg/ml collagenase type IV (Sigma) in DMEM for 30 min at 37°C and tissue debris was removed by filtration. Cells were resuspended at a concentration of 1×106 cells/ml in DMEM supplemented with 10% FBS, penicillin/streptomycin, and 10 mM 4-(2-hydroxyethyl)-1-piperazineethanesulfonic acid. Small intestines were separated from loose mesenchymal tissue and visible blood vessels, washed with PBS (Ca2+/Mg2+), cut into approximately 2-cm-long fragments, and dissected longitudinally. Pieces of intestine were shaken with cold PBS containing 2.5 mM ethylene glycol tetraacetic acid and 0.5% glucose at 4°C for 40 min and then 2 min on ice. The supernatant was decanted and resuspended at a concentration of 2×107 cells/ml.",low-pathogenic A/CK/TUN/12/2010 (TUN12L 226N384) H9N2 strain,,DOI: 10.1080/03079457.2016.1143086,Variability of tropism and replicative capacity of two naturally occurring influenza A H9N2 viruses in cell cultures from different tissues,"Wafa Tombari 1, Imen ElBehi 1, Faten Amouna 1, Abdeljelil Ghram 1"
Chicken Embryo Lung (CELu),"The CEL cultures were prepared from 18-day-old ECE. Thus, the lungs of the embryos were collected, washed with PBS, sliced, digested with trypsin/EDTA, and then DMEM with 10% FCS was added. After clarification at 1000 g for 10 min, the decanted cells were resuspended in medium and filtered through sterile gauze. The cell suspension was counted and distributed into tissue culture flasks before their incubation at 37.5 °C with 5% CO2 and use for virus growth.","(A/Chicken/TUN/145/12) strain, a field isolate of H9N2 and the vaccine strain H120 (Massachusetts type) of avian infectious bronchitis were used",,doi: 10.1016/j.jviromet.2018.06.011,Viral interference between low pathogenic avian influenza H9N2 and avian infectious bronchitis viruses in vitro and in ovo,"Rim Aouini,a,b,⁎ Nacira Laamiri,a,b and Abdeljelil Ghrama"
